date,USD,Pound,Yen,Euro
02/01/2018,3.4570,4.6883,3.0825,4.1702
03/01/2018,3.4600,4.6927,3.0827,4.1578
04/01/2018,3.4480,4.6719,3.0608,4.1598
05/01/2018,3.4460,4.6641,3.0446,4.1524
08/01/2018,3.4410,4.6589,3.0425,4.1242
09/01/2018,3.4440,4.6592,3.0571,4.1087
10/01/2018,3.4290,4.6385,3.0781,4.1139
11/01/2018,3.4230,4.6180,3.0639,4.1125
12/01/2018,3.4150,4.6268,3.0682,4.1198
15/01/2018,3.4000,4.6909,3.0732,4.1737
16/01/2018,3.4100,4.6911,3.0831,4.1706
17/01/2018,3.4520,4.7584,3.1159,4.2136
18/01/2018,3.4270,4.7565,3.0809,4.1986
19/01/2018,3.4060,4.7451,3.0801,4.1796
22/01/2018,3.4210,4.7544,3.0887,4.1901
23/01/2018,3.4220,4.7691,3.0972,4.1887
24/01/2018,3.4060,4.8053,3.1108,4.2032
25/01/2018,3.4030,4.8519,3.1259,4.2218
26/01/2018,3.3880,4.8267,3.1040,4.2171
29/01/2018,3.4090,4.7956,3.1371,4.2265
30/01/2018,3.3990,4.7919,3.1307,4.2215
31/01/2018,3.4050,4.8205,3.1306,4.2413
01/02/2018,3.4270,4.8709,3.1249,4.2629
02/02/2018,3.4300,4.8803,3.1238,4.2843
05/02/2018,3.4420,4.8348,3.1328,4.2819
06/02/2018,3.4850,4.8419,3.1903,4.3039
07/02/2018,3.4860,4.8460,3.1902,4.3015
08/02/2018,3.4990,4.8643,3.1916,4.2826
09/02/2018,3.5160,4.9070,3.2225,4.3158
12/02/2018,3.5240,4.8786,3.2444,4.3226
13/02/2018,3.5270,4.9040,3.2782,4.3526
14/02/2018,3.5330,4.8953,3.2889,4.3643
15/02/2018,3.5250,4.9598,3.3079,4.4009
16/02/2018,3.5350,4.9842,3.3348,4.4274
19/02/2018,3.5210,4.9373,3.3047,4.3710
20/02/2018,3.4980,4.8914,3.2658,4.3199
21/02/2018,3.5010,4.8715,3.2579,4.3132
22/02/2018,3.4970,4.8549,3.2577,4.2980
23/02/2018,3.4850,4.8717,3.2612,4.2931
26/02/2018,3.4940,4.9111,3.2753,4.3106
27/02/2018,3.4780,4.8416,3.2481,4.2801
28/02/2018,3.4850,4.8402,3.2534,4.2586
05/03/2018,3.4560,4.7729,3.2728,4.2509
06/03/2018,3.4690,4.8135,3.2659,4.2920
07/03/2018,3.4660,4.8050,3.2774,4.3014
08/03/2018,3.4590,4.7980,3.2604,4.2789
09/03/2018,3.4530,4.7682,3.2353,4.2521
12/03/2018,3.4400,4.7627,3.2281,4.2291
13/03/2018,3.4440,4.7858,3.2143,4.2507
14/03/2018,3.4310,4.7924,3.2200,4.2455
15/03/2018,3.4340,4.7852,3.2398,4.2423
16/03/2018,3.4520,4.8220,3.2657,4.2543
19/03/2018,3.4680,4.8754,3.2651,4.2680
20/03/2018,3.4790,4.8757,3.2675,4.2803
21/03/2018,3.4950,4.9119,3.2901,4.2916
22/03/2018,3.4800,4.9254,3.2999,4.2885
23/03/2018,3.4910,4.9244,3.3221,4.3025
26/03/2018,3.4910,4.9663,3.3214,4.3329
27/03/2018,3.4870,4.9202,3.2976,4.3258
28/03/2018,3.4990,4.9505,3.3074,4.3365
29/03/2018,3.5140,4.9442,3.2990,4.3288
03/04/2018,3.5180,4.9525,3.3168,4.3354
04/04/2018,3.5280,4.9658,3.3238,4.3365
05/04/2018,3.5370,4.9672,3.3017,4.3375
09/04/2018,3.5320,4.9821,3.2976,4.3352
10/04/2018,3.5060,4.9698,3.2769,4.3346
11/04/2018,3.5180,4.9841,3.2933,4.3539
12/04/2018,3.5180,4.9988,3.2836,4.3362
13/04/2018,3.5060,5.0105,3.2579,4.3261
16/04/2018,3.5030,5.0085,3.2662,4.3296
17/04/2018,3.5270,5.0476,3.2948,4.3623
18/04/2018,3.5190,5.0277,3.2792,4.3486
20/04/2018,3.5230,4.9499,3.2765,4.3503
23/04/2018,3.5440,4.9468,3.2742,4.3342
24/04/2018,3.5610,4.9704,3.2721,4.3501
25/04/2018,3.5900,5.0079,3.2906,4.3754
26/04/2018,3.5790,4.9910,3.2750,4.3578
27/04/2018,3.5970,4.9934,3.2896,4.3432
30/04/2018,3.5880,4.9218,3.2841,4.3387
01/05/2018,3.6160,4.9505,3.2966,4.3490
02/05/2018,3.6100,4.9230,3.2866,4.3312
03/05/2018,3.6320,4.9331,3.3184,4.3474
04/05/2018,3.6220,4.9120,3.3214,4.3364
07/05/2018,3.6250,4.9026,3.3140,4.3148
08/05/2018,3.6020,4.8700,3.3070,4.2775
09/05/2018,3.6000,4.8858,3.2830,4.2751
10/05/2018,3.5830,4.8458,3.2675,4.2564
11/05/2018,3.5690,4.8295,3.2634,4.2550
14/05/2018,3.5740,4.8602,3.2641,4.2849
15/05/2018,3.5990,4.8742,3.2740,4.2895
16/05/2018,3.5930,4.8459,3.2621,4.2353
17/05/2018,3.5870,4.8338,3.2412,4.2259
18/05/2018,3.5890,4.8487,3.2379,4.2409
21/05/2018,3.5840,4.8035,3.2187,4.2102
22/05/2018,3.5640,4.7967,3.2150,4.2116
23/05/2018,3.5800,4.7661,3.2633,4.1882
24/05/2018,3.5690,4.7816,3.2558,4.1804
25/05/2018,3.5680,4.7655,3.2620,4.1756
29/05/2018,3.5940,4.7630,3.3039,4.1525
30/05/2018,3.5770,4.7525,3.2834,4.1616
31/05/2018,3.5660,4.7509,3.2747,4.1650
01/06/2018,3.5650,4.7375,3.2650,4.1645
04/06/2018,3.5660,4.7735,3.2562,4.1798
05/06/2018,3.5750,4.7769,3.2573,4.1762
06/06/2018,3.5660,4.7840,3.2364,4.1961
07/06/2018,3.5700,4.8020,3.2458,4.2218
08/06/2018,3.5740,4.7907,3.2687,4.2043
11/06/2018,3.5720,4.7699,3.2476,4.2097
12/06/2018,3.5780,4.7909,3.2462,4.2171
13/06/2018,3.5870,4.7820,3.2443,4.2187
14/06/2018,3.5960,4.8267,3.2684,4.2505
15/06/2018,3.6050,4.7767,3.2614,4.1789
18/06/2018,3.6260,4.8097,3.2804,4.2120
19/06/2018,3.6440,4.7972,3.3152,4.2094
20/06/2018,3.6390,4.7872,3.3060,4.2062
21/06/2018,3.6230,4.7499,3.2812,4.1740
22/06/2018,3.6170,4.8093,3.2840,4.2163
25/06/2018,3.6160,4.7991,3.2996,4.2244
26/06/2018,3.6310,4.8085,3.3134,4.2381
27/06/2018,3.6460,4.8033,3.3069,4.2360
28/06/2018,3.6490,4.7750,3.3107,4.2258
29/06/2018,3.6500,4.8075,3.2965,4.2551
02/07/2018,3.6610,4.8189,3.3058,4.2626
03/07/2018,3.6550,4.8209,3.2975,4.2609
04/07/2018,3.6570,4.8331,3.3100,4.2544
05/07/2018,3.6260,4.8091,3.2763,4.2454
06/07/2018,3.6360,4.8170,3.2876,4.2589
09/07/2018,3.6180,4.8286,3.2761,4.2656
10/07/2018,3.6420,4.8216,3.2713,4.2607
11/07/2018,3.6380,4.8159,3.2702,4.2578
12/07/2018,3.6520,4.8178,3.2440,4.2565
13/07/2018,3.6430,4.7874,3.2326,4.2379
16/07/2018,3.6410,4.8331,3.2409,4.2658
17/07/2018,3.6310,4.7945,3.2267,4.2520
18/07/2018,3.6420,4.7458,3.2233,4.2323
19/07/2018,3.6490,4.7446,3.2303,4.2359
20/07/2018,3.6470,4.7431,3.2436,4.2454
23/07/2018,3.6330,4.7734,3.2686,4.2535
24/07/2018,3.6490,4.7913,3.2842,4.2705
25/07/2018,3.6410,4.7910,3.2789,4.2572
26/07/2018,3.6380,4.7945,3.2827,4.2601
27/07/2018,3.6670,4.8016,3.2981,4.2644
30/07/2018,3.6670,4.8093,3.3012,4.2850
31/07/2018,3.6640,4.8233,3.2852,4.3004
01/08/2018,3.6770,4.8270,3.2868,4.2961
02/08/2018,3.6890,4.8248,3.3087,4.2841
03/08/2018,3.7000,4.8042,3.3115,4.2795
06/08/2018,3.7100,4.7989,3.3281,4.2773
07/08/2018,3.6950,4.7882,3.3241,4.2838
08/08/2018,3.6840,4.7405,3.3184,4.2726
09/08/2018,3.6830,4.7475,3.3149,4.2713
10/08/2018,3.6940,4.7141,3.3387,4.2364
13/08/2018,3.7090,4.7293,3.3604,4.2246
14/08/2018,3.6910,4.7204,3.3250,4.2136
15/08/2018,3.6930,4.6913,3.3276,4.1810
16/08/2018,3.6880,4.6830,3.3272,4.1918
17/08/2018,3.6690,4.6642,3.3139,4.1791
20/08/2018,3.6620,4.6733,3.3108,4.1804
21/08/2018,3.6550,4.6862,3.3111,4.2070
22/08/2018,3.6350,4.6932,3.2972,4.2228
23/08/2018,3.6350,4.6889,3.2810,4.2105
24/08/2018,3.6390,4.6709,3.2678,4.2095
27/08/2018,3.6390,4.6770,3.2760,4.2272
28/08/2018,3.6240,4.6738,3.2631,4.2400
29/08/2018,3.6430,4.6996,3.2754,4.2526
30/08/2018,3.6100,4.6990,3.2357,4.2225
31/08/2018,3.6040,4.6941,3.2544,4.2119
03/09/2018,3.6150,4.6535,3.2536,4.1987
04/09/2018,3.6250,4.6476,3.2533,4.1898
05/09/2018,3.6190,4.6400,3.2422,4.1953
06/09/2018,3.5950,4.6498,3.2304,4.1788
07/09/2018,3.5810,4.6351,3.2349,4.1685
12/09/2018,3.5880,4.6732,3.2186,4.1595
13/09/2018,3.5750,4.6647,3.2044,4.1574
14/09/2018,3.5640,4.6784,3.1866,4.1710
17/09/2018,3.5830,4.6924,3.1996,4.1772
20/09/2018,3.5830,4.7387,3.1922,4.1970
21/09/2018,3.5730,4.7225,3.1687,4.2109
25/09/2018,3.5820,4.6944,3.1729,4.2100
26/09/2018,3.5790,4.7095,3.1721,4.2124
27/09/2018,3.5990,4.7240,3.1932,4.2154
28/09/2018,3.6270,4.7385,3.1962,4.2156
02/10/2018,3.6500,4.7246,3.2088,4.2015
03/10/2018,3.6400,4.7292,3.1974,4.2076
04/10/2018,3.6400,4.7299,3.1893,4.1880
05/10/2018,3.6330,4.7410,3.1918,4.1816
08/10/2018,3.6200,4.7277,3.1938,4.1540
09/10/2018,3.6420,4.7529,3.2176,4.1695
10/10/2018,3.6260,4.7702,3.2025,4.1678
11/10/2018,3.6350,4.8045,3.2385,4.2069
12/10/2018,3.6280,4.7965,3.2312,4.2036
15/10/2018,3.6280,4.7761,3.2436,4.2021
16/10/2018,3.6450,4.8187,3.2536,4.2227
17/10/2018,3.6490,4.7887,3.2494,4.2140
18/10/2018,3.6520,4.7866,3.2471,4.2037
19/10/2018,3.6670,4.7730,3.2607,4.1930
22/10/2018,3.6510,4.7601,3.2356,4.2022
23/10/2018,3.6700,4.7658,3.2681,4.2130
24/10/2018,3.6800,4.7472,3.2651,4.1915
25/10/2018,3.6930,4.7638,3.2874,4.2132
26/10/2018,3.7010,4.7447,3.3052,4.2103
29/10/2018,3.7040,4.7488,3.2970,4.2158
31/10/2018,3.7210,4.7398,3.2855,4.2114
01/11/2018,3.7060,4.7750,3.2810,4.2173
02/11/2018,3.6910,4.8123,3.2691,4.2229
05/11/2018,3.7000,4.8057,3.2668,4.2056
06/11/2018,3.6910,4.8108,3.2616,4.2066
07/11/2018,3.6680,4.8305,3.2439,4.2172
08/11/2018,3.6730,4.8126,3.2308,4.1948
09/11/2018,3.6830,4.7910,3.2359,4.1755
12/11/2018,3.6760,4.7311,3.2288,4.1427
13/11/2018,3.6890,4.7662,3.2355,4.1505
14/11/2018,3.6980,4.7851,3.2473,4.1694
15/11/2018,3.6950,4.7222,3.2577,4.1783
16/11/2018,3.7170,4.7507,3.2799,4.2169
19/11/2018,3.7080,4.7725,3.2884,4.2359
20/11/2018,3.7160,4.7776,3.3040,4.2489
21/11/2018,3.7430,4.7860,3.3095,4.2643
22/11/2018,3.7280,4.7979,3.2999,4.2559
23/11/2018,3.7370,4.7977,3.3102,4.2495
26/11/2018,3.7290,4.7920,3.2936,4.2375
27/11/2018,3.7280,4.7496,3.2806,4.2191
28/11/2018,3.7330,4.7750,3.2793,4.2132
29/11/2018,3.7100,4.7389,3.2756,4.2243
30/11/2018,3.7010,4.7294,3.2623,4.2109
03/12/2018,3.7180,4.7284,3.2749,4.2116
04/12/2018,3.7270,4.7750,3.3045,4.2518
05/12/2018,3.7240,4.7593,3.2972,4.2289
06/12/2018,3.7310,4.7550,3.3074,4.2316
07/12/2018,3.7380,4.7624,3.3130,4.2511
10/12/2018,3.7270,4.7225,3.3098,4.2551
11/12/2018,3.7480,4.7286,3.3124,4.2672
12/12/2018,3.7460,4.6965,3.3024,4.2477
13/12/2018,3.7530,4.7482,3.3087,4.2696
14/12/2018,3.7710,4.7458,3.3220,4.2586
17/12/2018,3.7780,4.7678,3.3350,4.2843
18/12/2018,3.7630,4.7739,3.3496,4.2846
19/12/2018,3.7560,4.7482,3.3432,4.2840
20/12/2018,3.7570,4.7625,3.3616,4.3045
21/12/2018,3.7730,4.7855,3.3956,4.3226
24/12/2018,3.7740,4.7755,3.3972,4.3019
26/12/2018,3.7740,4.7822,3.4086,4.2935
27/12/2018,3.7810,4.7786,3.4131,4.3071
28/12/2018,3.7710,4.7654,3.4144,4.3140
31/12/2018,3.7480,4.7934,3.4113,4.2916
02/01/2019,3.7460,4.7458,3.4349,4.2846
03/01/2019,3.7420,4.7017,3.4784,4.2496
04/01/2019,3.7200,4.7146,3.4432,4.2422
07/01/2019,3.6940,4.7106,3.4120,4.2274
08/01/2019,3.6990,4.7168,3.4027,4.2345
09/01/2019,3.6820,4.6914,3.3822,4.2156
10/01/2019,3.6640,4.6747,3.3906,4.2273
11/01/2019,3.6730,4.6788,3.3914,4.2318
14/01/2019,3.6570,4.7030,3.3836,4.1922
15/01/2019,3.6700,4.7175,3.3832,4.1953
16/01/2019,3.6780,4.7326,3.3794,4.1894
17/01/2019,3.6880,4.7606,3.3902,4.2051
18/01/2019,3.6920,4.7765,3.3696,4.2079
21/01/2019,3.6980,4.7628,3.3726,4.2033
22/01/2019,3.6900,4.7596,3.3733,4.1932
23/01/2019,3.6830,4.7971,3.3591,4.1868
24/01/2019,3.6830,4.7989,3.3557,4.1802
25/01/2019,3.6850,4.8190,3.3557,4.1745
28/01/2019,3.6800,4.8372,3.3620,4.2017
29/01/2019,3.6780,4.8350,3.3605,4.2057
30/01/2019,3.6710,4.8062,3.3539,4.1968
31/01/2019,3.6420,4.7880,3.3542,4.1856
01/02/2019,3.6330,4.7590,3.3351,4.1588
04/02/2019,3.6270,4.7357,3.3009,4.1531
05/02/2019,3.6100,4.6982,3.2836,4.1249
06/02/2019,3.6190,4.6888,3.2970,4.1213
07/02/2019,3.6270,4.6804,3.3026,4.1113
08/02/2019,3.6340,4.6981,3.3080,4.1168
11/02/2019,3.6430,4.7025,3.3060,4.1207
12/02/2019,3.6430,4.6866,3.2978,4.1146
13/02/2019,3.6370,4.6960,3.2863,4.1152
14/02/2019,3.6620,4.6905,3.2980,4.1270
15/02/2019,3.6410,4.6608,3.2995,4.1060
18/02/2019,3.6200,4.6794,3.2747,4.1006
19/02/2019,3.6310,4.6909,3.2775,4.0954
20/02/2019,3.6170,4.7153,3.2645,4.1027
21/02/2019,3.6170,4.7249,3.2675,4.1057
22/02/2019,3.6130,4.7060,3.2601,4.0986
25/02/2019,3.6050,4.7181,3.2557,4.0970
26/02/2019,3.6240,4.7856,3.2684,4.1181
27/02/2019,3.6190,4.8160,3.2767,4.1263
28/02/2019,3.6040,4.7978,3.2538,4.1142
01/03/2019,3.6240,4.7965,3.2391,4.1155
04/03/2019,3.6250,4.7852,3.2410,4.1092
05/03/2019,3.6190,4.7487,3.2339,4.0991
06/03/2019,3.6160,4.7515,3.2320,4.0877
07/03/2019,3.6160,4.7441,3.2352,4.0794
08/03/2019,3.6310,4.7534,3.2688,4.0683
11/03/2019,3.6210,4.7064,3.2571,4.0723
12/03/2019,3.6230,4.7353,3.2568,4.0809
13/03/2019,3.6170,4.7593,3.2480,4.0847
14/03/2019,3.6000,4.7752,3.2252,4.0706
15/03/2019,3.6040,4.7803,3.2280,4.0821
18/03/2019,3.6010,4.7693,3.2292,4.0890
19/03/2019,3.6060,4.7868,3.2374,4.0927
20/03/2019,3.6080,4.7661,3.2366,4.0993
25/03/2019,3.6230,4.7887,3.2898,4.1018
26/03/2019,3.6170,4.7844,3.2769,4.0947
27/03/2019,3.6350,4.8075,3.2930,4.0969
28/03/2019,3.6360,4.7801,3.2959,4.0875
29/03/2019,3.6320,4.7326,3.2778,4.0782
01/04/2019,3.6260,4.7537,3.2683,4.0734
02/04/2019,3.6240,4.7211,3.2543,4.0594
03/04/2019,3.6000,4.7403,3.2280,4.0488
04/04/2019,3.6030,4.7395,3.2340,4.0467
05/04/2019,3.5870,4.6969,3.2117,4.0276
08/04/2019,3.5800,4.6709,3.2116,4.0255
10/04/2019,3.5780,4.6839,3.2185,4.0359
11/04/2019,3.5830,4.6914,3.2247,4.0414
12/04/2019,3.5780,4.6759,3.1983,4.0397
15/04/2019,3.5610,4.6680,3.1804,4.0277
16/04/2019,3.5580,4.6554,3.1796,4.0203
17/04/2019,3.5750,4.6638,3.1917,4.0436
18/04/2019,3.5890,4.6690,3.2065,4.0396
23/04/2019,3.5930,4.6671,3.2126,4.0404
24/04/2019,3.6140,4.6727,3.2312,4.0537
25/04/2019,3.6280,4.6797,3.2442,4.0473
29/04/2019,3.6180,4.6760,3.2372,4.0356
30/04/2019,3.6080,4.6877,3.2406,4.0438
01/05/2019,3.5860,4.6861,3.2222,4.0298
02/05/2019,3.5980,4.6974,3.2280,4.0324
03/05/2019,3.6010,4.6879,3.2287,4.0185
06/05/2019,3.5910,4.7080,3.2425,4.0206
07/05/2019,3.5850,4.6919,3.2416,4.0149
08/05/2019,3.5840,4.6730,3.2554,4.0142
10/05/2019,3.5670,4.6397,3.2477,4.0062
13/05/2019,3.5680,4.6454,3.2537,4.0089
14/05/2019,3.5770,4.6315,3.2615,4.0180
15/05/2019,3.5710,4.6039,3.2644,3.9936
16/05/2019,3.5680,4.5712,3.2539,3.9964
17/05/2019,3.5750,4.5695,3.2583,3.9956
20/05/2019,3.5730,4.5527,3.2503,3.9871
21/05/2019,3.5980,4.5683,3.2644,4.0116
22/05/2019,3.6110,4.5714,3.2694,4.0323
23/05/2019,3.6150,4.5717,3.2848,4.0261
24/05/2019,3.6050,4.5708,3.2897,4.0344
28/05/2019,3.6140,4.5793,3.3034,4.0440
29/05/2019,3.6170,4.5721,3.3084,4.0343
30/05/2019,3.6200,4.5695,3.2990,4.0316
31/05/2019,3.6340,4.5845,3.3386,4.0489
03/06/2019,3.6330,4.5951,3.3539,4.0615
04/06/2019,3.6120,4.5807,3.3418,4.0646
05/06/2019,3.6100,4.5867,3.3325,4.0640
06/06/2019,3.6010,4.5717,3.3289,4.0463
07/06/2019,3.6010,4.5767,3.3200,4.0563
10/06/2019,3.5850,4.5426,3.2990,4.0519
11/06/2019,3.5810,4.5480,3.2938,4.0513
12/06/2019,3.5820,4.5636,3.3053,4.0546
13/06/2019,3.5920,4.5530,3.3121,4.0558
14/06/2019,3.6000,4.5531,3.3262,4.0584
17/06/2019,3.6100,4.5461,3.3221,4.0548
18/06/2019,3.6120,4.5194,3.3370,4.0413
19/06/2019,3.6090,4.5412,3.3292,4.0439
20/06/2019,3.5790,4.5470,3.3206,4.0456
21/06/2019,3.5940,4.5647,3.3486,4.0655
24/06/2019,3.6040,4.5923,3.3575,4.1051
25/06/2019,3.6020,4.5889,3.3648,4.0991
26/06/2019,3.5910,4.5528,3.3327,4.0788
27/06/2019,3.5820,4.5527,3.3208,4.0752
28/06/2019,3.5660,4.5216,3.3125,4.0616
01/07/2019,3.5740,4.5174,3.3018,4.0514
02/07/2019,3.5750,4.5155,3.3011,4.0393
03/07/2019,3.5720,4.4895,3.3173,4.0327
04/07/2019,3.5670,4.4869,3.3094,4.0264
05/07/2019,3.5620,4.4747,3.2981,4.0134
08/07/2019,3.5730,4.4708,3.2904,4.0088
09/07/2019,3.5680,4.4430,3.2785,3.9970
10/07/2019,3.5730,4.4568,3.2802,4.0092
11/07/2019,3.5470,4.4478,3.2789,3.9974
12/07/2019,3.5510,4.4513,3.2785,4.0000
15/07/2019,3.5390,4.4398,3.2792,3.9904
16/07/2019,3.5420,4.4018,3.2811,3.9756
17/07/2019,3.5410,4.3946,3.2710,3.9732
18/07/2019,3.5430,4.4236,3.2852,3.9752
19/07/2019,3.5350,4.4265,3.2852,3.9801
22/07/2019,3.5340,4.4081,3.2761,3.9670
23/07/2019,3.5370,4.4036,3.2711,3.9544
24/07/2019,3.5210,4.4006,3.2578,3.9229
25/07/2019,3.5230,4.4008,3.2600,3.9259
26/07/2019,3.5260,4.3830,3.2439,3.9258
29/07/2019,3.5250,4.3454,3.2449,3.9224
30/07/2019,3.5000,4.2607,3.2234,3.9015
31/07/2019,3.4990,4.2583,3.2224,3.8997
01/08/2019,3.5240,4.2656,3.2336,3.8885
02/08/2019,3.5090,4.2526,3.2811,3.8908
05/08/2019,3.4940,4.2450,3.2965,3.9001
06/08/2019,3.4940,4.2541,3.2783,3.9075
07/08/2019,3.4870,4.2342,3.2811,3.8988
08/08/2019,3.4830,4.2344,3.2827,3.9032
09/08/2019,3.4790,4.2175,3.2835,3.8929
12/08/2019,3.4840,4.2158,3.3139,3.9008
13/08/2019,3.4930,4.2206,3.3228,3.9202
14/08/2019,3.4890,4.2190,3.2872,3.9015
15/08/2019,3.5190,4.2736,3.3170,3.9231
16/08/2019,3.5410,4.2956,3.3325,3.9248
19/08/2019,3.5450,4.2922,3.3231,3.9345
20/08/2019,3.5240,4.2583,3.3142,3.9045
21/08/2019,3.5270,4.2786,3.3140,3.9167
22/08/2019,3.5250,4.2790,3.3115,3.9018
23/08/2019,3.5110,4.2849,3.2928,3.8854
26/08/2019,3.5190,4.3057,3.3235,3.9116
27/08/2019,3.5200,4.3186,3.3299,3.9099
28/08/2019,3.5240,4.3039,3.3322,3.9099
29/08/2019,3.5210,4.2955,3.3152,3.9001
30/08/2019,3.5350,4.3023,3.3221,3.9029
02/09/2019,3.5380,4.2741,3.3261,3.8815
03/09/2019,3.5490,4.2662,3.3445,3.8812
04/09/2019,3.5270,4.3012,3.3218,3.8867
05/09/2019,3.5120,4.3311,3.2933,3.8851
06/09/2019,3.5170,4.3231,3.2861,3.8835
09/09/2019,3.5270,4.3615,3.2976,3.8927
10/09/2019,3.5380,4.3671,3.2957,3.9046
11/09/2019,3.5440,4.3730,3.2906,3.8985
12/09/2019,3.5410,4.3645,3.2824,3.9032
13/09/2019,3.5270,4.3764,3.2657,3.9109
16/09/2019,3.5380,4.4085,3.2819,3.9039
18/09/2019,3.5410,4.4062,3.2732,3.9111
19/09/2019,3.5210,4.3829,3.2628,3.8963
20/09/2019,3.5130,4.4122,3.2563,3.8842
23/09/2019,3.5170,4.3726,3.2732,3.8644
24/09/2019,3.5070,4.3748,3.2560,3.8566
25/09/2019,3.5010,4.3436,3.2622,3.8485
26/09/2019,3.5170,4.3400,3.2659,3.8438
27/09/2019,3.4820,4.2800,3.2280,3.8050
02/10/2019,3.4850,4.2736,3.2363,3.8049
03/10/2019,3.4930,4.3028,3.2671,3.8316
04/10/2019,3.4810,4.2918,3.2596,3.8198
07/10/2019,3.4930,4.3015,3.2691,3.8335
10/10/2019,3.5040,4.2925,3.2621,3.8647
11/10/2019,3.5100,4.3772,3.2509,3.8640
15/10/2019,3.5130,4.4422,3.2424,3.8720
16/10/2019,3.5360,4.4847,3.2535,3.9002
17/10/2019,3.5450,4.5323,3.2590,3.9268
18/10/2019,3.5330,4.5627,3.2512,3.9325
22/10/2019,3.5370,4.5808,3.2580,3.9423
23/10/2019,3.5380,4.5490,3.2612,3.9303
24/10/2019,3.5230,4.5392,3.2426,3.9192
25/10/2019,3.5390,4.5446,3.2576,3.9339
28/10/2019,3.5290,4.5323,3.2455,3.9169
29/10/2019,3.5300,4.5400,3.2412,3.9133
30/10/2019,3.5280,4.5489,3.2415,3.9209
31/10/2019,3.5290,4.5749,3.2619,3.9365
01/11/2019,3.5210,4.5609,3.2593,3.9267
04/11/2019,3.5220,4.5524,3.2485,3.9329
05/11/2019,3.5010,4.5185,3.2168,3.8901
06/11/2019,3.4900,4.4970,3.2015,3.8703
07/11/2019,3.4870,4.4681,3.1948,3.8621
08/11/2019,3.4950,4.4802,3.1962,3.8616
11/11/2019,3.4990,4.4889,3.2117,3.8597
12/11/2019,3.5110,4.5032,3.2151,3.8681
13/11/2019,3.4950,4.4872,3.2116,3.8483
14/11/2019,3.4880,4.4772,3.2102,3.8337
15/11/2019,3.4780,4.4782,3.2011,3.8323
18/11/2019,3.4630,4.4858,3.1751,3.8293
19/11/2019,3.4570,4.4707,3.1797,3.8291
20/11/2019,3.4710,4.4787,3.2004,3.8384
21/11/2019,3.4550,4.4759,3.1816,3.8292
22/11/2019,3.4600,4.4712,3.1848,3.8320
25/11/2019,3.4610,4.4550,3.1778,3.8121
26/11/2019,3.4630,4.4580,3.1782,3.8146
27/11/2019,3.4710,4.4697,3.1803,3.8196
28/11/2019,3.4710,4.4812,3.1704,3.8203
29/11/2019,3.4760,4.4792,3.1718,3.8241
02/12/2019,3.4740,4.4829,3.1695,3.8269
03/12/2019,3.4810,4.5227,3.1977,3.8558
04/12/2019,3.4710,4.5465,3.1935,3.8468
05/12/2019,3.4670,4.5536,3.1839,3.8464
06/12/2019,3.4630,4.5463,3.1887,3.8434
09/12/2019,3.4710,4.5694,3.1997,3.8430
10/12/2019,3.4650,4.5656,3.1916,3.8380
11/12/2019,3.4770,4.5717,3.1985,3.8531
12/12/2019,3.4810,4.5803,3.2027,3.8745
13/12/2019,3.4760,4.6643,3.1707,3.8857
16/12/2019,3.4980,4.6728,3.1968,3.8960
17/12/2019,3.4920,4.6140,3.1874,3.8992
18/12/2019,3.5010,4.5821,3.1954,3.8942
19/12/2019,3.4930,4.5670,3.1901,3.8827
20/12/2019,3.4770,4.5342,3.1800,3.8663
23/12/2019,3.4720,4.5047,3.1731,3.8457
24/12/2019,3.4660,4.4873,3.1680,3.8385
26/12/2019,3.4720,4.5036,3.1683,3.8515
27/12/2019,3.4680,4.5296,3.1676,3.8616
30/12/2019,3.4630,4.5469,3.1718,3.8758
31/12/2019,3.4560,4.5597,3.1847,3.8782
02/01/2020,3.4520,4.5573,3.1726,3.8655
03/01/2020,3.4670,4.5349,3.2068,3.8605
06/01/2020,3.4750,4.5691,3.2155,3.8914
07/01/2020,3.4670,4.5482,3.1981,3.8763
08/01/2020,3.4650,4.5456,3.1898,3.8558
09/01/2020,3.4710,4.5189,3.1709,3.8553
10/01/2020,3.4730,4.5366,3.1686,3.8528
13/01/2020,3.4700,4.4996,3.1590,3.8593
14/01/2020,3.4700,4.5094,3.1554,3.8608
15/01/2020,3.4590,4.4986,3.1486,3.8556
16/01/2020,3.4560,4.5155,3.1427,3.8592
17/01/2020,3.4540,4.5301,3.1351,3.8461
20/01/2020,3.4560,4.4892,3.1362,3.8309
21/01/2020,3.4550,4.5116,3.1393,3.8364
22/01/2020,3.4520,4.5216,3.1387,3.8249
23/01/2020,3.4580,4.5380,3.1545,3.8361
24/01/2020,3.4550,4.5342,3.1530,3.8187
27/01/2020,3.4580,4.5180,3.1727,3.8112
28/01/2020,3.4550,4.4944,3.1686,3.8023
29/01/2020,3.4580,4.4997,3.1691,3.8041
30/01/2020,3.4500,4.5162,3.1719,3.8034
31/01/2020,3.4480,4.5299,3.1631,3.8023
03/02/2020,3.4460,4.5010,3.1752,3.8115
04/02/2020,3.4480,4.4853,3.1616,3.8093
05/02/2020,3.4520,4.5052,3.1472,3.8027
06/02/2020,3.4390,4.4587,3.1296,3.7817
07/02/2020,3.4260,4.4293,3.1166,3.7575
10/02/2020,3.4220,4.4229,3.1170,3.7464
11/02/2020,3.4190,4.4187,3.1124,3.7322
12/02/2020,3.4230,4.4438,3.1123,3.7346
13/02/2020,3.4310,4.4542,3.1282,3.7289
14/02/2020,3.4340,4.4735,3.1278,3.7248
17/02/2020,3.4280,4.4611,3.1193,3.7155
18/02/2020,3.4160,4.4538,3.1134,3.6999
19/02/2020,3.4240,4.4457,3.1002,3.6952
20/02/2020,3.4320,4.4145,3.0602,3.7034
21/02/2020,3.4240,4.4247,3.0640,3.7026
24/02/2020,3.4370,4.4359,3.0886,3.7207
25/02/2020,3.4290,4.4411,3.0972,3.7150
26/02/2020,3.4420,4.4478,3.1154,3.7411
27/02/2020,3.4340,4.4193,3.1223,3.7590
28/02/2020,3.4670,4.4648,3.1879,3.8196
03/03/2020,3.4610,4.4216,3.2062,3.8440
04/03/2020,3.4600,4.4305,3.2149,3.8486
05/03/2020,3.4660,4.4752,3.2420,3.8783
06/03/2020,3.4860,4.5303,3.3024,3.9324
09/03/2020,3.5080,4.5841,3.4279,4.0053
12/03/2020,3.6390,4.6105,3.5005,4.0861
13/03/2020,3.6520,4.6026,3.4412,4.0778
16/03/2020,3.7280,4.5874,3.5179,4.1639
17/03/2020,3.8620,4.6720,3.6134,4.2469
18/03/2020,3.8270,4.5377,3.5612,4.1948
19/03/2020,3.6830,4.2749,3.3572,3.9766
20/03/2020,3.5970,4.2421,3.2673,3.8708
23/03/2020,3.6980,4.2589,3.3385,3.9505
24/03/2020,3.6580,4.2933,3.2983,3.9692
25/03/2020,3.6420,4.3257,3.2699,3.9372
26/03/2020,3.6240,4.3345,3.3033,3.9685
27/03/2020,3.5980,4.3784,3.3056,3.9650
30/03/2020,3.5860,4.4583,3.3183,3.9650
31/03/2020,3.5650,4.3986,3.2788,3.9003
01/04/2020,3.5560,4.3999,3.3056,3.8899
02/04/2020,3.6300,4.5225,3.3793,3.9675
03/04/2020,3.6360,4.4855,3.3616,3.9270
06/04/2020,3.6270,4.4644,3.3218,3.9206
07/04/2020,3.6040,4.4500,3.3081,3.9195
14/04/2020,3.5790,4.4985,3.3271,3.9075
16/04/2020,3.5940,4.4855,3.3380,3.9087
17/04/2020,3.5910,4.4682,3.3312,3.8897
20/04/2020,3.5800,4.4608,3.3233,3.8897
21/04/2020,3.5520,4.3762,3.3053,3.8456
22/04/2020,3.5410,4.3753,3.2880,3.8462
23/04/2020,3.5570,4.3912,3.3048,3.8328
24/04/2020,3.5240,4.3395,3.2713,3.7827
27/04/2020,3.5150,4.3679,3.2801,3.8111
28/04/2020,3.4990,4.3504,3.2658,3.7885
30/04/2020,3.5000,4.3810,3.2844,3.8066
01/05/2020,3.4910,4.3824,3.2656,3.8308
04/05/2020,3.5270,4.3780,3.3008,3.8554
05/05/2020,3.5240,4.3875,3.3008,3.8187
06/05/2020,3.5110,4.3486,3.3089,3.7942
07/05/2020,3.5160,4.3496,3.3025,3.7955
11/05/2020,3.5180,4.3291,3.2772,3.8060
12/05/2020,3.5070,4.3380,3.2670,3.8041
13/05/2020,3.5110,4.3278,3.2840,3.8183
14/05/2020,3.5460,4.3236,3.3111,3.8229
15/05/2020,3.5330,4.3153,3.2984,3.8207
18/05/2020,3.5430,4.2970,3.3025,3.8292
19/05/2020,3.5250,4.3168,3.2766,3.8635
20/05/2020,3.5040,4.2957,3.2571,3.8391
21/05/2020,3.5140,4.2995,3.2624,3.8634
22/05/2020,3.5290,4.2940,3.2817,3.8462
26/05/2020,3.5150,4.3239,3.2640,3.8501
27/05/2020,3.4990,4.3146,3.2487,3.8569
28/05/2020,3.5020,4.2950,3.2477,3.8534
01/06/2020,3.5090,4.3478,3.2586,3.8996
02/06/2020,3.4840,4.3760,3.2325,3.8914
03/06/2020,3.4680,4.3593,3.1959,3.8821
04/06/2020,3.4790,4.3617,3.1952,3.8987
05/06/2020,3.4550,4.3765,3.1596,3.9215
08/06/2020,3.4620,4.3755,3.1646,3.9012
09/06/2020,3.4570,4.3683,3.2014,3.8934
10/06/2020,3.4470,4.3984,3.2104,3.9173
11/06/2020,3.4510,4.3680,3.2212,3.9191
12/06/2020,3.4640,4.3766,3.2289,3.9234
15/06/2020,3.4950,4.3754,3.2569,3.9315
16/06/2020,3.4720,4.3926,3.2363,3.9242
17/06/2020,3.4560,4.3402,3.2194,3.8857
18/06/2020,3.4510,4.3275,3.2262,3.8841
19/06/2020,3.4470,4.2791,3.2237,3.8630
22/06/2020,3.4460,4.2712,3.2239,3.8653
23/06/2020,3.4340,4.2798,3.2069,3.8770
24/06/2020,3.4250,4.2910,3.2156,3.8724
25/06/2020,3.4420,4.2793,3.2097,3.8622
26/06/2020,3.4370,4.2648,3.2142,3.8588
29/06/2020,3.4360,4.2368,3.2059,3.8747
30/06/2020,3.4660,4.2541,3.2173,3.8828
01/07/2020,3.4540,4.2844,3.2129,3.8696
02/07/2020,3.4480,4.3174,3.2075,3.8910
03/07/2020,3.4340,4.2774,3.1949,3.8584
06/07/2020,3.4420,4.3057,3.2012,3.8965
07/07/2020,3.4500,4.3201,3.2029,3.8951
08/07/2020,3.4550,4.3330,3.2123,3.8977
09/07/2020,3.4440,4.3529,3.2086,3.8996
10/07/2020,3.4570,4.3525,3.2371,3.9031
13/07/2020,3.4420,4.3378,3.2142,3.8993
14/07/2020,3.4420,4.3065,3.2049,3.9086
15/07/2020,3.4310,4.3313,3.2076,3.9251
16/07/2020,3.4270,4.2957,3.1983,3.9068
17/07/2020,3.4470,4.3290,3.2176,3.9274
20/07/2020,3.4310,4.3363,3.2035,3.9286
21/07/2020,3.4210,4.3479,3.1898,3.9180
22/07/2020,3.4190,4.3413,3.1961,3.9586
23/07/2020,3.4210,4.3468,3.1915,3.9613
24/07/2020,3.4200,4.3598,3.2202,3.9737
27/07/2020,3.4130,4.3881,3.2415,4.0000
28/07/2020,3.4150,4.3992,3.2480,4.0066
29/07/2020,3.4090,4.4223,3.2484,3.9999
31/07/2020,3.4080,4.4720,3.2542,4.0388
03/08/2020,3.4150,4.4469,3.2192,4.0059
04/08/2020,3.4240,4.4595,3.2280,4.0298
05/08/2020,3.4120,4.4769,3.2248,4.0378
06/08/2020,3.4090,4.4906,3.2293,4.0379
07/08/2020,3.4090,4.4659,3.2280,4.0327
10/08/2020,3.4140,4.4499,3.2164,4.0112
11/08/2020,3.4020,4.4581,3.2071,4.0129
12/08/2020,3.4060,4.4419,3.1882,4.0090
13/08/2020,3.4060,4.4618,3.1886,4.0363
14/08/2020,3.4040,4.4527,3.1897,4.0221
17/08/2020,3.4090,4.4594,3.2048,4.0391
18/08/2020,3.4010,4.4812,3.2237,4.0482
19/08/2020,3.4000,4.4969,3.2298,4.0603
20/08/2020,3.4020,4.4718,3.2124,4.0302
21/08/2020,3.4040,4.5036,3.2250,4.0321
24/08/2020,3.4020,4.4670,3.2176,4.0291
25/08/2020,3.4000,4.4645,3.1939,4.0173
26/08/2020,3.4010,4.4723,3.1997,4.0156
27/08/2020,3.3690,4.4362,3.1745,3.9750
28/08/2020,3.3680,4.4731,3.1752,4.0043
31/08/2020,3.3620,4.4820,3.1732,4.0126
01/09/2020,3.3530,4.5123,3.1674,4.0191
02/09/2020,3.3660,4.4898,3.1678,3.9893
03/09/2020,3.3680,4.4679,3.1635,3.9810
04/09/2020,3.3710,4.4796,3.1768,3.9938
07/09/2020,3.3780,4.4447,3.1802,3.9944
08/09/2020,3.3920,4.4200,3.1921,3.9994
09/09/2020,3.4070,4.4064,3.2106,4.0058
10/09/2020,3.4140,4.4471,3.2173,4.0401
11/09/2020,3.4380,4.4090,3.2369,4.0690
14/09/2020,3.4350,4.4234,3.2416,4.0799
15/09/2020,3.4220,4.4143,3.2387,4.0705
16/09/2020,3.4110,4.4197,3.2441,4.0516
17/09/2020,3.4220,4.4184,3.2670,4.0359
21/09/2020,3.4420,4.4287,3.3072,4.0576
22/09/2020,3.4410,4.4167,3.2912,4.0455
23/09/2020,3.4450,4.3838,3.2830,4.0351
24/09/2020,3.4780,4.4267,3.2977,4.0479
25/09/2020,3.4670,4.4326,3.2911,4.0488
29/09/2020,3.4590,4.4531,3.2756,4.0519
30/09/2020,3.4410,4.4108,3.2546,4.0258
01/10/2020,3.4270,4.3964,3.2450,4.0242
02/10/2020,3.4310,4.4437,3.2611,4.0203
05/10/2020,3.4220,4.4359,3.2395,4.0215
06/10/2020,3.4110,4.4235,3.2311,4.0152
07/10/2020,3.4070,4.4012,3.2167,4.0053
08/10/2020,3.3940,4.3987,3.2031,3.9928
09/10/2020,3.3810,4.3768,3.1926,3.9860
12/10/2020,3.3830,4.4031,3.2072,3.9893
13/10/2020,3.3860,4.4207,3.2110,3.9930
14/10/2020,3.3840,4.3848,3.2101,3.9717
15/10/2020,3.3940,4.3972,3.2240,3.9774
16/10/2020,3.3830,4.3778,3.2146,3.9617
19/10/2020,3.3780,4.3959,3.2079,3.9811
20/10/2020,3.3790,4.3726,3.1987,3.9901
21/10/2020,3.3850,4.4173,3.2272,4.0111
22/10/2020,3.3800,4.4326,3.2293,4.0006
23/10/2020,3.3780,4.4270,3.2297,3.9983
26/10/2020,3.3810,4.4138,3.2237,3.9979
27/10/2020,3.3820,4.4092,3.2317,3.9973
28/10/2020,3.3930,4.4009,3.2555,3.9835
29/10/2020,3.4100,4.4136,3.2724,3.9914
30/10/2020,3.4220,4.4215,3.2795,3.9938
02/11/2020,3.4000,4.3915,3.2469,3.9610
03/11/2020,3.4160,4.4402,3.2608,4.0015
04/11/2020,3.4100,4.4440,3.2662,3.9963
05/11/2020,3.3810,4.4162,3.2451,3.9936
06/11/2020,3.3770,4.4381,3.2675,4.0031
09/11/2020,3.3610,4.4276,3.2193,3.9960
10/11/2020,3.3760,4.4694,3.2063,3.9849
11/11/2020,3.3860,4.4890,3.2105,3.9889
12/11/2020,3.3770,4.4406,3.2068,3.9874
13/11/2020,3.3620,4.4246,3.1985,3.9730
16/11/2020,3.3560,4.4278,3.1982,3.9737
17/11/2020,3.3560,4.4507,3.2189,3.9852
18/11/2020,3.3420,4.4368,3.2143,3.9669
19/11/2020,3.3510,4.4378,3.2204,3.9639
20/11/2020,3.3440,4.4361,3.2219,3.9699
23/11/2020,3.3390,4.4697,3.2192,3.9738
24/11/2020,3.3410,4.4602,3.2003,3.9661
25/11/2020,3.3250,4.4398,3.1849,3.9560
26/11/2020,3.3200,4.4354,3.1849,3.9546
27/11/2020,3.3190,4.4339,3.1909,3.9569
30/11/2020,3.3080,4.4158,3.1822,3.9656
01/12/2020,3.3040,4.4044,3.1656,3.9554
02/12/2020,3.2890,4.3823,3.1409,3.9639
03/12/2020,3.2750,4.4012,3.1398,3.9709
04/12/2020,3.2660,4.4040,3.1421,3.9748
07/12/2020,3.2730,4.3397,3.1392,3.9620
08/12/2020,3.2480,4.3228,3.1200,3.9360
09/12/2020,3.2560,4.3785,3.1268,3.9467
10/12/2020,3.2510,4.3158,3.1114,3.9285
11/12/2020,3.2540,4.3007,3.1280,3.9437
14/12/2020,3.2570,4.3670,3.1406,3.9599
15/12/2020,3.2550,4.3558,3.1315,3.9580
16/12/2020,3.2530,4.4035,3.1473,3.9653
17/12/2020,3.2450,4.4171,3.1489,3.9710
18/12/2020,3.2410,4.3755,3.1305,3.9717
21/12/2020,3.2510,4.3171,3.1360,3.9573
22/12/2020,3.2340,4.3376,3.1275,3.9537
23/12/2020,3.2220,4.3246,3.1141,3.9286
24/12/2020,3.2180,4.3678,3.1043,3.9221
28/12/2020,3.2160,4.3373,3.1040,3.9260
29/12/2020,3.2120,4.3323,3.0987,3.9364
30/12/2020,3.2100,4.3692,3.1124,3.9403
31/12/2020,3.2150,4.3919,3.1191,3.9441
04/01/2021,3.2060,4.3857,3.1180,3.9423
05/01/2021,3.2030,4.3493,3.1127,3.9313
06/01/2021,3.1860,4.3528,3.0994,3.9316
07/01/2021,3.1820,4.3225,3.0685,3.9022
08/01/2021,3.1870,4.3349,3.0704,3.9008
11/01/2021,3.1830,4.2907,3.0550,3.8728
12/01/2021,3.1590,4.2955,3.0310,3.8403
13/01/2021,3.1340,4.2856,3.0148,3.8128
14/01/2021,3.1160,4.2523,2.9962,3.7874
15/01/2021,3.2310,4.4098,3.1160,3.9222
18/01/2021,3.2270,4.3743,3.1105,3.8963
19/01/2021,3.2320,4.4016,3.1080,3.9210
20/01/2021,3.2540,4.4486,3.1344,3.9371
21/01/2021,3.2800,4.5042,3.1735,3.9850
22/01/2021,3.2800,4.4816,3.1640,3.9867
25/01/2021,3.2650,4.4693,3.1451,3.9694
26/01/2021,3.2680,4.4729,3.1508,3.9674
27/01/2021,3.2640,4.4725,3.1423,3.9538
28/01/2021,3.2940,4.5009,3.1576,3.9861
29/01/2021,3.2910,4.4982,3.1380,3.9871
01/02/2021,3.2880,4.5059,3.1341,3.9713
02/02/2021,3.3000,4.5117,3.1412,3.9699
03/02/2021,3.3000,4.5019,3.1418,3.9680
04/02/2021,3.2980,4.5082,3.1334,3.9557
05/02/2021,3.2860,4.5023,3.1183,3.9368
08/02/2021,3.2820,4.4958,3.1076,3.9490
09/02/2021,3.2590,4.4878,3.1128,3.9433
10/02/2021,3.2530,4.5009,3.1049,3.9427
11/02/2021,3.2600,4.5059,3.1126,3.9514
12/02/2021,3.2490,4.4795,3.0921,3.9352
15/02/2021,3.2440,4.5111,3.0800,3.9352
16/02/2021,3.2370,4.5084,3.0737,3.9366
17/02/2021,3.2570,4.5142,3.0726,3.9293
18/02/2021,3.2650,4.5538,3.0898,3.9420
19/02/2021,3.2710,4.5723,3.0998,3.9645
22/02/2021,3.2680,4.5832,3.0949,3.9662
23/02/2021,3.2640,4.5979,3.1028,3.9674
24/02/2021,3.2640,4.6130,3.0843,3.9700
25/02/2021,3.2800,4.6397,3.0909,4.0116
01/03/2021,3.3060,4.6068,3.0975,3.9826
02/03/2021,3.2990,4.5874,3.0854,3.9675
03/03/2021,3.2870,4.5893,3.0726,3.9660
04/03/2021,3.3120,4.6176,3.0836,3.9838
05/03/2021,3.3180,4.5952,3.0609,3.9566
08/03/2021,3.3320,4.6099,3.0698,3.9575
09/03/2021,3.3290,4.6183,3.0605,3.9627
10/03/2021,3.3220,4.6107,3.0530,3.9500
11/03/2021,3.3040,4.6081,3.0426,3.9516
12/03/2021,3.3160,4.6208,3.0387,3.9563
15/03/2021,3.3090,4.6072,3.0342,3.9490
16/03/2021,3.2990,4.5722,3.0240,3.9430
17/03/2021,3.2890,4.5720,3.0116,3.9126
18/03/2021,3.2970,4.6108,3.0244,3.9395
19/03/2021,3.2890,4.5853,3.0258,3.9240
22/03/2021,3.3030,4.5780,3.0352,3.9389
24/03/2021,3.2950,4.5175,3.0324,3.8990
25/03/2021,3.3100,4.5353,3.0336,3.9075
26/03/2021,3.3250,4.5723,3.0438,3.9185
29/03/2021,3.3420,4.6169,3.0466,3.9328
30/03/2021,3.3300,4.5782,3.0196,3.9066
31/03/2021,3.3340,4.5869,3.0126,3.9127
